count,order_type,balance_prior,balance_post,total_pnl,total_returns,order_id_price_symbol1,price_symbol1,balance_alloc_symbol,quantity_symbol1,squareOff_price_symbol1,squareOff_bal_symbol1,pnl_symbol1,returns_symbol1,order_id_price_symbol2,price_symbol2,balance_alloc_symbol2,quantity_symbol2,squareOff_price_symbol2,squareOff_bal_symbol2,pnl_symbol2,returns_symbol2
1,OrderStatus.LONG,10000,9810.422943347381,-189.57705665261892,0,0,10500.0,100000.0,0,10508.34,0,-20.61114285714575,0,0,217.24,100000.0,0,217.39,0,-168.96591379547317,0
2,OrderStatus.LONG,9810.422943347381,9737.39502464938,-73.02791869800146,0,0,10492.25,98104.22943347381,0,10493.82,0,-83.43181613885689,0,0,217.12,98104.22943347381,0,216.88,0,10.403897440855431,0
3,OrderStatus.LONG,9737.39502464938,9379.526030724575,-357.86899392480484,0,0,10483.05,97373.9502464938,0,10479.96,0,-126.06169508301792,0,0,216.89,97373.9502464938,0,217.19,0,-231.80729884178692,0
4,OrderStatus.LONG,9379.526030724575,9170.674308625516,-208.85172209905926,0,0,10470.29,93795.26030724576,0,10471.29,0,-84.8415099644105,0,0,217.12,93795.26030724576,0,217.19,0,-124.01021213464875,0
5,OrderStatus.LONG,9170.674308625516,8918.293118220081,-252.3811904054345,0,0,10538.81,91706.74308625516,0,10537.13,0,-106.31847768633627,0,0,219.09,91706.74308625516,0,219.22,0,-146.06271271909822,0
6,OrderStatus.SHORT,8918.293118220081,8811.595660138559,-106.69745808152277,0,0,10557.52,89182.93118220082,0,10554.78,0,-66.04279459731725,0,0,220.42,89182.93118220082,0,220.54,0,-40.65466348420551,0
7,OrderStatus.LONG,8811.595660138559,8599.678213619656,-211.91744651890332,0,0,10536.09,88115.95660138558,0,10536.12,0,-87.86518454471152,0,0,220.48,88115.95660138558,0,220.57,0,-124.0522619741918,0
8,OrderStatus.LONG,8599.678213619656,8499.714932333965,-99.9632812856903,0,0,10536.17,85996.78213619656,0,10534.48,0,-99.78375544142341,0,0,220.57,85996.78213619656,0,220.35,0,-0.1795258442668981,0
9,OrderStatus.LONG,8499.714932333965,8377.060200673779,-122.65473166018722,0,0,10498.78,84997.14932333966,0,10508.47,0,-6.587032552194131,0,0,218.66,84997.14932333966,0,218.74,0,-116.06769910799309,0
10,OrderStatus.LONG,8377.060200673779,8209.670564917607,-167.3896357561714,0,0,10504.57,83770.60200673778,0,10515.13,0,0.3999302865942269,0,0,219.02,83770.60200673778,0,219.24,0,-167.7895660427656,0
11,OrderStatus.SHORT,8209.670564917607,8071.068045623363,-138.60251929424405,0,0,10543.72,82096.70564917607,0,10541.39,0,-63.95965906419438,0,0,220.17,82096.70564917607,0,220.19,0,-74.64286023004966,0
12,OrderStatus.SHORT,8071.068045623363,7906.659687836652,-164.40835778671138,0,0,10552.32,80710.68045623363,0,10549.83,0,-61.670647627374834,0,0,219.74,80710.68045623363,0,219.68,0,-102.73771015933654,0
13,OrderStatus.SHORT,7906.659687836652,7779.021776602053,-127.6379112345981,0,0,10551.28,79066.59687836652,0,10547.21,0,-48.57131435622867,0,0,219.71,79066.59687836652,0,219.71,0,-79.06659687836944,0
14,OrderStatus.SHORT,7779.021776602053,7621.952994875635,-157.06878172641768,0,0,10569.54,77790.21776602053,0,10573.1,0,-103.96936188263078,0,0,220.43,77790.21776602053,0,220.5,0,-53.099419843786904,0
15,OrderStatus.SHORT,7621.952994875635,7441.799937291905,-180.15305758373023,0,0,10584.72,76219.52994875636,0,10584.73,0,-76.29150289485128,0,0,220.48,76219.52994875636,0,220.4,0,-103.86155468887895,0
16,OrderStatus.LONG,7441.799937291905,7219.8808875713485,-221.91904972055596,0,0,10542.65,74417.99937291905,0,10537.61,0,-109.97634414211623,0,0,217.93,74417.99937291905,0,218.04,0,-111.94270557843973,0
17,OrderStatus.LONG,7219.8808875713485,7074.802730815759,-145.07815675558965,0,0,10535.88,72198.80887571348,0,10537.23,0,-62.95234272516611,0,0,218.05,72198.80887571348,0,218.08,0,-82.12581403042353,0
18,OrderStatus.LONG,7074.802730815759,6915.243622888956,-159.55910792680265,0,0,10524.64,70748.02730815759,0,10527.25,0,-53.21203319350627,0,0,218.39,70748.02730815759,0,218.5,0,-106.34707473329638,0
19,OrderStatus.SHORT,6915.243622888956,6777.575808364827,-137.6678145241298,0,0,10567.62,69152.43622888956,0,10569.94,0,-84.32314062503356,0,0,218.62,69152.43622888956,0,218.67,0,-53.344673899096236,0
20,OrderStatus.SHORT,6777.575808364827,6683.077662808677,-94.49814555615058,0,0,10569.94,67775.75808364827,0,10574.18,0,-94.93867092109599,0,0,218.47,67775.75808364827,0,218.69,0,0.4405253649454153,0
21,OrderStatus.SHORT,6683.077662808677,6573.511785904404,-109.5658769042729,0,0,10574.58,66830.77662808677,0,10571.25,0,-45.78925240639816,0,0,218.71,66830.77662808677,0,218.72,0,-63.776624497874735,0
22,OrderStatus.SHORT,6573.511785904404,6475.08531632338,-98.42646958102407,0,0,10588.42,65735.11785904404,0,10584.06,0,-38.66971844628857,0,0,219.8,65735.11785904404,0,219.82,0,-59.756751134735495,0
23,OrderStatus.SHORT,6475.08531632338,6387.397019631581,-87.68829669179827,0,0,10589.86,64750.8531632338,0,10588.8,0,-58.27215997789606,0,0,219.79,64750.8531632338,0,219.91,0,-29.416136713902212,0
24,OrderStatus.SHORT,6387.397019631581,6264.222692468873,-123.17432716270824,0,0,10615.23,63873.970196315815,0,10611.1,0,-39.02568894722704,0,0,220.42,63873.970196315815,0,220.35,0,-84.1486382154812,0
25,OrderStatus.SHORT,6264.222692468873,6207.095806959727,-57.126885509145794,0,0,10623.37,62642.22692468873,0,10612.78,0,-0.1657134625302561,0,0,220.42,62642.22692468873,0,220.44,0,-56.96117204661554,0
26,OrderStatus.SHORT,6207.095806959727,6105.674395919729,-101.42141103999778,0,0,10618.04,62070.95806959727,0,10616.56,0,-53.42229169988365,0,0,220.44,62070.95806959727,0,220.49,0,-47.99911934011413,0
27,OrderStatus.LONG,6105.674395919729,6042.7272384249845,-62.94715749474514,0,0,10595.0,61056.743959197294,0,10598.99,0,-38.07471468190464,0,0,219.38,61056.743959197294,0,219.25,0,-24.872442812840507,0
28,OrderStatus.LONG,6042.7272384249845,5962.000306132713,-80.72693229227141,0,0,10593.63,60427.272384249845,0,10593.89,0,-58.9449442989236,0,0,218.94,60427.272384249845,0,218.8,0,-21.781987993347812,0
29,OrderStatus.LONG,5962.000306132713,5762.566743260144,-199.43356287256927,0,0,10590.59,59620.00306132714,0,10590.85,0,-58.15705810778395,0,0,218.63,59620.00306132714,0,218.93,0,-141.27650476478533,0
30,OrderStatus.LONG,5762.566743260144,5641.7900519505,-120.7766913096439,0,0,10590.26,57625.66743260144,0,10593.11,0,-42.12547805038868,0,0,219.07,57625.66743260144,0,219.15,0,-78.65121325925521,0
31,OrderStatus.LONG,5641.7900519505,5442.190508613386,-199.59954333711482,0,0,10578.13,56417.900519505,0,10574.92,0,-73.52970666455866,0,0,218.32,56417.900519505,0,218.59,0,-126.06983667255616,0
32,OrderStatus.LONG,5442.190508613386,5339.041674925141,-103.14883368824485,0,0,10573.11,54421.905086133855,0,10580.02,0,-18.872541042520428,0,0,218.52,54421.905086133855,0,218.64,0,-84.27629264572442,0
33,OrderStatus.SHORT,5339.041674925141,5238.4808537616,-100.56082116354122,0,0,10597.67,53390.41674925141,0,10598.37,0,-56.91497808073129,0,0,219.05,53390.41674925141,0,219.09,0,-43.64584308280993,0
34,OrderStatus.SHORT,5238.4808537616,5155.522694449947,-82.95815931165296,0,0,10599.08,52384.808537616,0,10595.15,0,-32.96371856682903,0,0,219.04,52384.808537616,0,219.05,0,-49.99444074482393,0
35,OrderStatus.SHORT,5155.522694449947,5047.620604011411,-107.90209043853585,0,0,10607.74,51555.226944499474,0,10609.21,0,-58.69508849089276,0,0,219.44,51555.226944499474,0,219.45,0,-49.20700194764309,0
36,OrderStatus.LONG,5047.620604011411,4940.172544665806,-107.4480593456052,0,0,10591.97,50476.20604011411,0,10589.16,0,-63.86061138710767,0,0,219.74,50476.20604011411,0,219.71,0,-43.587447958497535,0
37,OrderStatus.LONG,4940.172544665806,4809.289089600372,-130.88345506543376,0,0,10583.44,49401.725446658056,0,10586.7,0,-34.19219998577957,0,0,219.06,49401.725446658056,0,219.27,0,-96.6912550796542,0
38,OrderStatus.SHORT,4809.289089600372,4642.982007032725,-166.3070825676465,0,0,10614.42,48092.89089600372,0,10626.55,0,-102.96254127032381,0,0,220.62,48092.89089600372,0,220.55,0,-63.34454129732268,0
39,OrderStatus.SHORT,4642.982007032725,4540.069011722392,-102.9129953103332,0,0,10624.98,46429.82007032725,0,10629.21,0,-64.89779086289869,0,0,220.6,46429.82007032725,0,220.64,0,-38.01520444743451,0
40,OrderStatus.SHORT,4540.069011722392,4480.8329868589935,-59.23602486339826,0,0,10628.76,45400.69011722392,0,10623.3,0,-22.0780103325954,0,0,220.21,45400.69011722392,0,220.25,0,-37.15801453080286,0
41,OrderStatus.SHORT,4480.8329868589935,4363.760675060009,-117.07231179898488,0,0,10647.28,44808.329868589935,0,10640.37,0,-15.723744782528811,0,0,221.79,44808.329868589935,0,221.51,0,-101.34856701645607,0
42,OrderStatus.SHORT,4363.760675060009,4254.03565671951,-109.72501834049879,0,0,10665.01,43637.60675060009,0,10665.22,0,-44.49640905087712,0,0,222.21,43637.60675060009,0,222.1,0,-65.22860928962167,0
43,OrderStatus.LONG,4254.03565671951,4169.910644696754,-84.12501202275612,0,0,10651.21,42540.35656719511,0,10650.0,0,-47.37061477546747,0,0,220.49,42540.35656719511,0,220.46,0,-36.75439724728865,0
44,OrderStatus.LONG,4169.910644696754,4033.6772033562447,-136.23344134050967,0,0,10648.55,41699.10644696755,0,10640.84,0,-71.87592494814726,0,0,220.61,41699.10644696755,0,220.73,0,-64.35751639236241,0
45,OrderStatus.LONG,4033.6772033562447,3992.7576942099445,-40.919509146300406,0,0,10640.96,40336.77203356245,0,10649.04,0,-9.723165979956175,0,0,220.59,40336.77203356245,0,220.54,0,-31.19634316634423,0
46,OrderStatus.SHORT,3992.7576942099445,3924.3743026761413,-68.38339153380298,0,0,10674.39,39927.57694209945,0,10674.7,0,-41.08651912105017,0,0,221.17,39927.57694209945,0,221.24,0,-27.296872412752805,0
47,OrderStatus.SHORT,3924.3743026761413,3907.899004510898,-16.475298165243196,0,0,10673.34,39243.74302676141,0,10666.63,0,-14.569234493909558,0,0,220.61,39243.74302676141,0,220.82,0,-1.9060636713336372,0
48,OrderStatus.SHORT,3907.899004510898,3807.6341741643187,-100.26483034657929,0,0,10675.3,39078.99004510898,0,10677.5,0,-47.126828135509584,0,0,222.26,39078.99004510898,0,222.18,0,-53.138002211069704,0
49,OrderStatus.SHORT,3807.6341741643187,3599.0256421205213,-208.60853204379725,0,0,10687.66,38076.341741643184,0,10722.08,0,-160.24782235977062,0,0,222.03,38076.341741643184,0,221.97,0,-48.36070968402662,0
50,OrderStatus.SHORT,3599.0256421205213,3577.4531550086967,-21.572487111824536,0,0,10719.36,35990.25642120521,0,10714.0,0,-17.99405327294288,0,0,221.97,35990.25642120521,0,222.17,0,-3.5784338388816543,0
51,OrderStatus.SHORT,3577.4531550086967,3495.989069468559,-81.4640855401376,0,0,10719.8,35774.53155008697,0,10716.02,0,-23.1616290550628,0,0,222.21,35774.53155008697,0,222.07,0,-58.3024564850748,0
52,OrderStatus.SHORT,3495.989069468559,3407.9441488605426,-88.04492060801638,0,0,10715.28,34959.89069468559,0,10714.57,0,-32.644435045786295,0,0,222.23,34959.89069468559,0,222.1,0,-55.40048556223009,0
53,OrderStatus.SHORT,3407.9441488605426,3311.243886485285,-96.70026237525735,0,0,10710.35,34079.44148860543,0,10711.59,0,-38.02258888242136,0,0,221.56,34079.44148860543,0,221.4,0,-58.67767349283599,0
54,OrderStatus.LONG,3311.243886485285,3317.7247981243827,6.480911639097343,0,0,10635.16,33112.438864852855,0,10634.15,0,-36.255489037281066,0,0,218.67,33112.438864852855,0,218.17,0,42.73640067637841,0
55,OrderStatus.LONG,3317.7247981243827,3322.7099491277218,4.985151003339155,0,0,10626.91,33177.247981243825,0,10641.02,0,10.852192705732975,0,0,218.74,33177.247981243825,0,218.56,0,-5.86704170239382,0
56,OrderStatus.SHORT,3322.7099491277218,3230.69417671631,-92.01577241141177,0,0,10729.07,33227.099491277215,0,10719.85,0,-4.663203505708822,0,0,220.89,33227.099491277215,0,220.53,0,-87.35256890570295,0
57,OrderStatus.SHORT,3230.69417671631,3143.3244595346587,-87.36971718165108,0,0,10718.43,32306.941767163098,0,10719.18,0,-34.56626488910021,0,0,220.56,32306.941767163098,0,220.42,0,-52.80345229255087,0
58,OrderStatus.SHORT,3143.3244595346587,3075.578681381439,-67.74577815321999,0,0,10757.1,31433.244595346587,0,10745.63,0,2.1021596434808636,0,0,220.82,31433.244595346587,0,220.55,0,-69.84793779670085,0
59,OrderStatus.LONG,3075.578681381439,2988.0142662245717,-87.56441515686737,0,0,10704.11,30755.78681381439,0,10703.29,0,-33.110689305917134,0,0,220.35,30755.78681381439,0,220.52,0,-54.453725850950235,0
60,OrderStatus.SHORT,2988.0142662245717,2945.4285284117614,-42.585737812810194,0,0,10739.38,29880.142662245715,0,10740.0,0,-31.604204636769687,0,0,221.24,29880.142662245715,0,221.38,0,-10.981533176040507,0
61,OrderStatus.SHORT,2945.4285284117614,2891.509278383707,-53.91925002805405,0,0,10727.21,29454.285284117614,0,10727.34,0,-29.811050573410668,0,0,220.27,29454.285284117614,0,220.31,0,-24.108199454643383,0
62,OrderStatus.SHORT,2891.509278383707,2859.7080434631844,-31.80123492052259,0,0,10754.3,28915.09278383707,0,10753.9,0,-27.840110303529748,0,0,220.05,28915.09278383707,0,220.24,0,-3.9611246169928425,0
63,OrderStatus.SHORT,2859.7080434631844,2821.6456856328464,-38.062357830337774,0,0,10784.19,28597.080434631844,0,10777.95,0,-12.048798152643604,0,0,221.27,28597.080434631844,0,221.29,0,-26.013559677694168,0
64,OrderStatus.SHORT,2821.6456856328464,2784.9245048601747,-36.72118077267167,0,0,10790.53,28216.456856328463,0,10787.36,0,-19.928845693777923,0,0,222.18,28216.456856328463,0,222.27,0,-16.79233507889375,0
65,OrderStatus.LONG,2784.9245048601747,2717.565510700068,-67.35899416010653,0,0,10749.2,27849.245048601748,0,10749.07,0,-28.185883277994805,0,0,221.14,27849.245048601748,0,221.23,0,-39.17311088211173,0
66,OrderStatus.SHORT,2717.565510700068,2663.5927004704527,-53.97281022961532,0,0,10764.51,27175.65510700068,0,10764.36,0,-26.797155122615315,0,0,221.51,27175.65510700068,0,221.51,0,-27.175655107000004,0
67,OrderStatus.SHORT,2663.5927004704527,2612.4784519964974,-51.114248473955186,0,0,10768.74,26635.92700470453,0,10768.84,0,-26.88314591631633,0,0,221.41,26635.92700470453,0,221.43,0,-24.231102557638856,0
68,OrderStatus.LONG,2612.4784519964974,2542.2736887812075,-70.2047632152898,0,0,10710.23,26124.784519964975,0,10709.68,0,-27.465693834719758,0,0,219.89,26124.784519964975,0,220.03,0,-42.739069380570044,0
69,OrderStatus.LONG,2542.2736887812075,2494.4927509611357,-47.78093782007201,0,0,10668.14,25422.736887812076,0,10665.03,0,-32.830324280290014,0,0,218.47,25422.736887812076,0,218.38,0,-14.950613539781996,0
70,OrderStatus.LONG,2494.4927509611357,2466.7201896916845,-27.772561269451316,0,0,10686.57,24944.927509611356,0,10685.29,0,-27.931249824319416,0,0,218.72,24944.927509611356,0,218.5,0,0.1586885548681014,0
71,OrderStatus.LONG,2466.7201896916845,2424.9026084629268,-41.81758122875752,0,0,10680.13,24667.201896916846,0,10681.92,0,-20.535022396309742,0,0,218.56,24667.201896916846,0,218.53,0,-21.282558832447776,0
72,OrderStatus.LONG,2424.9026084629268,2336.2298009625333,-88.67280750039336,0,0,10677.04,24249.026084629266,0,10676.44,0,-25.611027251895123,0,0,218.21,24249.026084629266,0,218.56,0,-63.06178024849824,0
73,OrderStatus.LONG,2336.2298009625333,2281.123949949874,-55.105851012659656,0,0,10669.96,23362.298009625334,0,10682.22,0,3.468033379733626,0,0,218.51,23362.298009625334,0,218.84,0,-58.57388439239328,0
74,OrderStatus.LONG,2281.123949949874,2210.727798344428,-70.39615160544604,0,0,10644.22,22811.239499498737,0,10640.99,0,-29.729873596837045,0,0,216.91,22811.239499498737,0,217.08,0,-40.66627800860899,0
75,OrderStatus.LONG,2210.727798344428,2168.2198458795438,-42.507952464883914,0,0,10635.38,22107.277983444277,0,10629.82,0,-33.658817030959355,0,0,216.79,22107.277983444277,0,216.66,0,-8.849135433924559,0
76,OrderStatus.SHORT,2168.2198458795438,2153.19010269229,-15.029743187253597,0,0,10747.16,21682.198458795436,0,10742.52,0,-12.3217226906929,0,0,228.43,21682.198458795436,0,228.63,0,-2.7080204965606978,0
77,OrderStatus.SHORT,2153.19010269229,2098.1004275276655,-55.08967516462482,0,0,10736.43,21531.9010269229,0,10735.33,0,-19.326729077478248,0,0,226.84,21531.9010269229,0,226.69,0,-35.762946087146574,0
78,OrderStatus.LONG,2098.1004275276655,2060.212053126776,-37.8883744008896,0,0,10690.53,20981.004275276653,0,10680.24,0,-41.16583951970672,0,0,225.02,20981.004275276653,0,224.76,0,3.2774651188171227,0
79,OrderStatus.LONG,2060.212053126776,1982.4395367964762,-77.77251633029988,0,0,10683.26,20602.12053126776,0,10674.78,0,-36.94719021169092,0,0,223.79,20602.12053126776,0,224.01,0,-40.825326118608956,0
80,OrderStatus.LONG,1982.4395367964762,1887.8970405437349,-94.54249625274127,0,0,10658.1,19824.39536796476,0,10622.85,0,-85.3577016563622,0,0,223.6,19824.39536796476,0,223.48,0,-9.184794596379074,0
81,OrderStatus.LONG,1887.8970405437349,1853.0614758615864,-34.8355646821486,0,0,10619.55,18878.97040543735,0,10610.71,0,-34.586477158064255,0,0,223.05,18878.97040543735,0,222.83,0,-0.24908752408434864,0
82,OrderStatus.LONG,1853.0614758615864,1804.5379827009256,-48.523493160660735,0,0,10617.0,18530.614758615862,0,10602.77,0,-43.354840311134325,0,0,221.94,18530.614758615862,0,221.78,0,-5.1686528495264135,0
83,OrderStatus.LONG,1804.5379827009256,1731.6943510916014,-72.84363160932402,0,0,10589.2,18045.379827009256,0,10568.1,0,-53.98455706350757,0,0,221.65,18045.379827009256,0,221.66,0,-18.859074545816448,0
84,OrderStatus.LONG,1731.6943510916014,1736.3439857950711,4.649634703469644,0,0,10570.29,17316.943510916015,0,10568.44,0,-20.346219653998702,0,0,221.43,17316.943510916015,0,220.89,0,24.995854357468346,0
85,OrderStatus.LONG,1736.3439857950711,1810.8980727146086,74.55408691953738,0,0,10530.23,17363.43985795071,0,10548.45,0,12.664745022605501,0,0,217.78,17363.43985795071,0,216.79,0,61.88934189693188,0
86,OrderStatus.LONG,1810.8980727146086,1856.4088761017993,45.51080338719056,0,0,10531.89,18108.980727146085,0,10540.52,0,-3.2776101542061067,0,0,217.25,18108.980727146085,0,216.45,0,48.78841354139667,0
87,OrderStatus.SHORT,1856.4088761017993,1825.9465356066094,-30.462340495189927,0,0,10611.28,18564.088761017993,0,10605.54,0,-8.521734429838506,0,0,219.81,18564.088761017993,0,219.77,0,-21.94060606535142,0
88,OrderStatus.LONG,1825.9465356066094,1794.3931676435816,-31.553367963027732,0,0,10563.17,18259.465356066095,0,10573.81,0,0.12361198083467073,0,0,217.47,18259.465356066095,0,217.63,0,-31.676979943862403,0
89,OrderStatus.LONG,1794.3931676435816,1777.0074035678153,-17.385764075766268,0,0,10563.78,17943.931676435815,0,10571.27,0,-5.227569897566024,0,0,217.06,17943.931676435815,0,216.99,0,-12.158194178200244,0
90,OrderStatus.LONG,1777.0074035678153,1763.9965077291777,-13.010895838637698,0,0,10550.77,17770.074035678153,0,10559.77,0,-2.619454603360518,0,0,216.73,17770.074035678153,0,216.64,0,-10.39144123527718,0
91,OrderStatus.LONG,1763.9965077291777,1729.2861223668538,-34.71038536232379,0,0,10587.5,17639.965077291778,0,10592.7,0,-8.980512468772247,0,0,217.84,17639.965077291778,0,217.94,0,-25.729872893551544,0
92,OrderStatus.SHORT,1729.2861223668538,1691.19591831622,-38.090204050633716,0,0,10633.07,17292.861223668537,0,10633.29,0,-17.650467124995096,0,0,219.7,17292.861223668537,0,219.66,0,-20.43973692563862,0
93,OrderStatus.SHORT,1691.19591831622,1647.3467568831895,-43.84916143303048,0,0,10647.88,16911.959183162202,0,10645.1,0,-12.497558293936866,0,0,222.42,16911.959183162202,0,222.23,0,-31.351603139093616,0
94,OrderStatus.SHORT,1647.3467568831895,1618.546886571338,-28.799870311851464,0,0,10645.88,16473.467568831897,0,10636.48,0,-1.9223031000008195,0,0,221.56,16473.467568831897,0,221.42,0,-26.877567211850646,0
95,OrderStatus.LONG,1618.546886571338,1593.1168663836493,-25.430020187688832,0,0,10653.72,16185.468865713381,0,10653.5,0,-16.519532718422074,0,0,222.47,16185.468865713381,0,222.37,0,-8.910487469266759,0
96,OrderStatus.LONG,1593.1168663836493,1560.116965604471,-32.99990077917834,0,0,10650.46,15931.168663836492,0,10649.22,0,-17.785057774594346,0,0,222.3,15931.168663836492,0,222.29,0,-15.214843004583994,0
97,OrderStatus.LONG,1560.116965604471,1526.4652306316116,-33.651734972859465,0,0,10643.77,15601.16965604471,0,10645.45,0,-13.139930824348657,0,0,222.21,15601.16965604471,0,222.28,0,-20.51180414851081,0
98,OrderStatus.LONG,1526.4652306316116,1492.0099353784974,-34.45529525311422,0,0,10623.59,15264.652306316115,0,10626.06,0,-11.717373152001667,0,0,224.46,15264.652306316115,0,224.57,0,-22.737922101112556,0
99,OrderStatus.LONG,1492.0099353784974,1440.6208718595612,-51.38906351893617,0,0,10623.25,14920.099353784974,0,10621.15,0,-17.868024192100968,0,0,224.2,14920.099353784974,0,224.48,0,-33.5210393268352,0
100,OrderStatus.LONG,1440.6208718595612,1419.7221416871296,-20.898730172431776,0,0,10620.24,14406.208718595612,0,10611.41,0,-26.37799274359889,0,0,224.78,14406.208718595612,0,224.47,0,5.479262571167117,0
101,OrderStatus.LONG,1419.7221416871296,1407.2071179624547,-12.515023724674801,0,0,10612.84,14197.221416871296,0,10619.99,0,-4.637162274921343,0,0,224.65,14197.221416871296,0,224.55,0,-7.877861449753459,0
102,OrderStatus.LONG,1407.2071179624547,1364.347954604214,-42.85916335824069,0,0,10572.99,14072.071179624547,0,10595.0,0,15.207387471163782,0,0,223.09,14072.071179624547,0,223.79,0,-58.06655082940448,0
103,OrderStatus.LONG,1364.347954604214,1318.3021072140712,-46.04584739014295,0,0,10571.2,13643.479546042141,0,10568.03,0,-17.732722512392392,0,0,222.86,13643.479546042141,0,223.1,0,-28.31312487775056,0
104,OrderStatus.LONG,1318.3021072140712,1230.6621053853537,-87.64000182871746,0,0,10563.0,13183.021072140711,0,10538.91,0,-43.23321402291674,0,0,223.13,13183.021072140711,0,223.66,0,-44.40678780580072,0
105,OrderStatus.LONG,1230.6621053853537,1227.280969993652,-3.3811353917016245,0,0,10550.27,12306.621053853538,0,10555.75,0,-5.917536866109411,0,0,224.02,12306.621053853538,0,223.75,0,2.5364014744077865,0
106,OrderStatus.SHORT,1227.280969993652,1208.1621149945206,-19.118854999131404,0,0,10586.05,12272.809699936519,0,10586.55,0,-12.852161485697382,0,0,224.66,12272.809699936519,0,224.77,0,-6.2666935134340225,0
107,OrderStatus.SHORT,1208.1621149945206,1158.0638522843028,-50.09826271021775,0,0,10594.04,12081.621149945206,0,10610.24,0,-30.518942218816484,0,0,225.48,12081.621149945206,0,225.34,0,-19.57932049140127,0
108,OrderStatus.SHORT,1158.0638522843028,1160.958386486684,2.8945342023811556,0,0,10612.32,11580.638522843028,0,10607.74,0,-6.583079686332253,0,0,225.36,11580.638522843028,0,225.77,0,9.477613888713408,0
109,OrderStatus.SHORT,1160.958386486684,1136.3211541570333,-24.637232329650693,0,0,10613.53,11609.58386486684,0,10616.71,0,-15.085238512295167,0,0,225.58,11609.58386486684,0,225.62,0,-9.551993817355527,0
110,OrderStatus.SHORT,1136.3211541570333,1121.8662779427357,-14.45487621429768,0,0,10622.27,11363.211541570334,0,10620.19,0,-9.138801030415847,0,0,225.38,11363.211541570334,0,225.5,0,-5.316075183881834,0
111,OrderStatus.SHORT,1121.8662779427357,1114.761764443219,-7.104513499516724,0,0,10629.99,11218.662779427357,0,10627.17,0,-8.243194171750565,0,0,226.85,11218.662779427357,0,227.1,0,1.138680672233841,0
112,OrderStatus.SHORT,1114.761764443219,1119.5141322222803,4.752367779061302,0,0,10638.0,11147.61764443219,0,10644.54,0,-17.993283749768167,0,0,226.83,11147.61764443219,0,227.52,0,22.74565152882947,0
113,OrderStatus.SHORT,1119.5141322222803,1123.809999269306,4.295867047025643,0,0,10643.7,11195.141322222804,0,10636.53,0,-3.65235916500549,0,0,227.96,11195.141322222804,0,228.35,0,7.948226212031133,0
114,OrderStatus.SHORT,1123.809999269306,1101.0299850373035,-22.780014232002394,0,0,10692.97,11238.09999269306,0,10700.25,0,-18.880207538109698,0,0,229.6,11238.09999269306,0,229.75,0,-3.899806693892697,0
115,OrderStatus.SHORT,1101.0299850373035,1099.0974523044906,-1.9325327328128914,0,0,10690.0,11010.299850373034,0,10685.73,0,-6.612802124815746,0,0,231.45,11010.299850373034,0,231.78,0,4.680269392002854,0
116,OrderStatus.SHORT,1099.0974523044906,1116.9152828465678,17.81783054207731,0,0,10701.11,10990.974523044906,0,10703.96,0,-13.915930824447809,0,0,231.41,10990.974523044906,0,232.31,0,31.73376136652512,0
117,OrderStatus.SHORT,1116.9152828465678,1156.1912032448654,39.275920398297586,0,0,10772.13,11169.152828465678,0,10774.7,0,-13.831906353647906,0,0,232.73,11169.152828465678,0,234.07,0,53.107826751945495,0
118,OrderStatus.SHORT,1156.1912032448654,1159.9111083740859,3.719905129220443,0,0,10776.32,11561.912032448654,0,10776.25,0,-11.48684610734951,0,0,233.12,11561.912032448654,0,233.66,0,15.206751236569954,0
119,OrderStatus.SHORT,1159.9111083740859,1142.4155279883498,-17.495580385736098,0,0,10854.43,11599.11108374086,0,10858.83,0,-16.296723139928215,0,0,234.09,11599.11108374086,0,234.3,0,-1.1988572458078837,0
120,OrderStatus.SHORT,1142.4155279883498,1127.1062208794924,-15.309307108857404,0,0,10848.84,11424.155279883498,0,10850.01,0,-12.655451706950085,0,0,234.35,11424.155279883498,0,234.53,0,-2.6538554019073173,0
121,OrderStatus.SHORT,1127.1062208794924,1134.1956922497518,7.089471370259467,0,0,10859.0,11271.062208794923,0,10855.93,0,-8.085258698593254,0,0,234.29,11271.062208794923,0,234.84,0,15.174730068852721,0
122,OrderStatus.SHORT,1134.1956922497518,1101.0020940436,-33.19359820615183,0,0,10865.85,11341.956922497518,0,10862.04,0,-7.365609068247303,0,0,234.77,11341.956922497518,0,234.47,0,-25.82798913790453,0
123,OrderStatus.SHORT,1101.0020940436,1111.6772319905108,10.675137946910915,0,0,10884.14,11010.020940436,0,10876.01,0,-2.7839606011578475,0,0,233.86,11010.020940436,0,234.38,0,13.459098548068763,0
124,OrderStatus.SHORT,1111.6772319905108,1087.6269410958107,-24.050290894700126,0,0,10931.26,11116.772319905107,0,10920.0,0,0.34039516122809577,0,0,234.38,11116.772319905107,0,234.1,0,-24.39068605592822,0
125,OrderStatus.SHORT,1087.6269410958107,1067.7292957124334,-19.89764538337737,0,0,10923.51,10876.269410958106,0,10926.32,0,-13.67199897830181,0,0,233.75,10876.269410958106,0,233.85,0,-6.22564640507556,0
126,OrderStatus.SHORT,1067.7292957124334,1041.1458563653184,-26.583439347115018,0,0,10925.57,10677.292957124335,0,10920.66,0,-5.879112658014946,0,0,234.15,10677.292957124335,0,233.93,0,-20.70432668910007,0
127,OrderStatus.SHORT,1041.1458563653184,1023.7298102053064,-17.416046160011945,0,0,10938.15,10411.458563653185,0,10929.89,0,-2.547184686065833,0,0,233.46,10411.458563653185,0,233.36,0,-14.868861473946112,0
128,OrderStatus.SHORT,1023.7298102053064,1004.816177543827,-18.913632661479387,0,0,10915.03,10237.298102053064,0,10916.63,0,-11.73698134906068,0,0,234.02,10237.298102053064,0,234.09,0,-7.1766513124187075,0
129,OrderStatus.SHORT,1004.816177543827,988.4777000997844,-16.33847744404258,0,0,10917.46,10048.161775438271,0,10916.64,0,-9.293774627969796,0,0,234.07,10048.161775438271,0,234.14,0,-7.0447028160727845,0
